KGAS_ID,SURVEY,redshift,ba,sersic_n,Re_arcsec,Re_kpc
1,MANGA,0.05285385251045227,0.7527944445610046,4.8857927322387695,2.3203279972076416,2.3894816308497533
1,MANGA,0.05285385251045227,0.7527944445610046,4.8857927322387695,2.3203279972076416,2.3894816308497533
2,MANGA,0.05263899639248848,0.536220908164978,3.9337363243103027,2.7642130851745605,2.83574459125737
3,MANGA,0.05249365046620369,0.7741591930389404,3.06891131401062,6.151388645172119,6.2942295457897615
3,MANGA,0.05249365046620369,0.7741591930389404,3.06891131401062,6.151388645172119,6.2942295457897615
4,MANGA,0.05088929086923599,0.6266972422599792,3.1010689735412598,2.14782452583313,2.134578917088053
5,MANGA,0.04578400030732155,0.673568606376648,0.5494298338890076,5.082827568054199,4.572304847673783
6,MANGA,0.04892132058739662,0.657059371471405,1.300304889678955,5.813774585723877,5.567442988259732
7,MANGA,0.04746302589774132,0.8753252029418945,1.1034204959869385,3.197624921798706,2.9760032458428736
8,MANGA,0.04704995080828667,0.7778669595718384,6.0,3.053144931793213,2.818187742949417
9,MANGA,0.04578607156872749,0.5268747210502625,1.5694531202316284,4.350978851318359,3.9141309607610357
10,MANGA,0.047991614788770676,0.8008895516395569,1.131219744682312,4.5085859298706055,4.240175768152548
11,MANGA,0.04670487716794014,0.8598360419273376,6.0,2.982428789138794,2.733842651356831
12,MANGA,0.04570889472961426,0.6961053013801575,6.0,2.675853967666626,2.403355061439207
13,MANGA,0.04591770097613335,0.8372069597244263,3.320802688598633,2.4981651306152344,2.2534523554603174
14,SAMI,0.05626,0.73899633,3.4125,1.2582887,1.3737595660243724
15,SAMI,0.05886,0.95306413,2.367,1.0875593,1.238434370596949
16,SAMI,0.055,0.8282931,1.1123,1.721646,1.8402763233732538
17,SAMI,0.05302,0.87049781,2.5756,1.4358025,1.4829509683842372
18,SAMI,0.05498,0.49539580000000005,0.7575,3.374811,3.6061263355479025
19,SAMI,0.05441,0.924062744,1.1184,2.9325643,3.1031683235580534
20,SAMI,0.05523,0.94650785,1.9394,2.5398948,2.72551980720023
21,SAMI,0.05848,0.79274385,2.7109,1.1714145,1.3259041517684211
22,SAMI,0.05668,0.29169255000000005,0.6153,7.6487193,8.408801971971355
23,SAMI,0.05358,0.18292180000000002,1.4137,8.882834,9.265293243517926
24,MANGA,0.04299866408109665,0.9509302973747253,6.0,2.9026601314544678,2.4603974906649895
25,MANGA,0.04393552988767624,0.8363416194915771,3.502537250518799,5.565138339996338,4.814619429383936
26,MANGA,0.039792709052562714,0.22319869697093964,0.9291860461235046,9.566134452819824,7.532733431614619
27,MANGA,0.04088025912642479,0.4385543167591095,0.7641186118125916,4.502915859222412,3.6379530128892053
28,MANGA,0.04516765847802162,0.6358615756034851,3.3026344776153564,10.925300598144531,9.702754129146939
29,MANGA,0.044275689870119095,0.7876265048980713,2.1495587825775146,3.1505935192108154,2.745694328787736
30,MANGA,0.04287472367286682,0.4585714638233185,1.108384132385254,4.736769676208496,4.004071074083266
31,MANGA,0.04423194378614426,0.7660108208656311,5.681048393249512,2.3869383335113525,2.078233239660237
32,MANGA,0.04518966004252434,0.8548085689544678,3.1881277561187744,2.178372383117676,1.9355032174057332
33,MANGA,0.04553181678056717,0.3162536919116974,0.8352259993553162,6.101873397827148,5.4603984056712
34,MANGA,0.02680828794836998,0.5598315000534058,3.3821699619293213,3.1874709129333496,1.7174381708351067
35,MANGA,0.02774660475552082,0.5899001359939575,1.2414100170135498,6.094013214111328,3.394603533659603
36,MANGA,0.027770627290010452,0.7904354929924011,1.2910555601119995,8.917210578918457,4.971391800215333
37,MANGA,0.0292764063924551,0.4169921278953552,1.1457366943359375,10.421850204467773,6.114208205724498
38,MANGA,0.024034028872847557,0.6924086809158325,2.378159761428833,3.7566094398498535,1.8207022491451545
39,MANGA,0.027469925582408905,0.6759735345840454,4.584354400634766,4.573125839233398,2.52284693586621
40,MANGA,0.025480585172772408,0.9262133240699768,5.207958698272705,3.5487141609191895,1.8202878130743758
41,MANGA,0.029654763638973236,0.8872143030166626,1.4824150800704956,10.628418922424316,6.31311172001458
42,MANGA,0.02410564012825489,0.42040470242500305,1.0033669471740723,6.101637840270996,2.9658140931411974
43,MANGA,0.02737029455602169,0.8649541735649109,5.18917989730835,5.263740539550781,2.893651557648112
44,MANGA,0.023995598778128624,0.736571729183197,6.0,6.601630210876465,3.194619968610512
45,MANGA,0.027691012248396873,0.6377636194229126,4.846138954162598,3.07375431060791,1.7088849440289484
46,MANGA,0.026083780452609062,0.8709232807159424,1.9017695188522339,5.576262950897217,2.9258908801577386
47,MANGA,0.024327389895915985,0.9416854381561279,6.0,2.6279218196868896,1.2887561513335706
48,MANGA,0.037743452936410904,0.6951108574867249,4.384400367736816,1.5273810625076294,1.1435722056993853
49,MANGA,0.038793858140707016,0.5722032785415649,0.5983883738517761,4.134138107299805,3.1774447141116196
50,MANGA,0.038031335920095444,0.6049749851226807,1.4266382455825806,4.815979957580566,3.6320476836708915
51,MANGA,0.036920588463544846,0.508370041847229,1.6765694618225098,2.945519208908081,2.1593938403293436
52,MANGA,0.03835747763514519,0.7109313011169434,2.045997142791748,1.9274876117706299,1.4655405888166602
53,MANGA,0.03855422884225845,0.3719210922718048,0.9596149921417236,4.427996635437012,3.383245697142271
54,MANGA,0.04636131227016449,0.5272146463394165,2.0758631229400635,3.656785726547241,3.3286916260333643
55,MANGA,0.04530554264783859,0.3032746911048889,6.0,10.166945457458496,9.055339450287507
56,MANGA,0.04483092948794365,0.6173432469367981,1.7411447763442993,3.9554526805877686,3.4880425453674366
57,MANGA,0.04655063524842262,0.8737807273864746,3.648594617843628,1.8144627809524536,1.658037663404637
58,MANGA,0.04785718768835068,0.2898878753185272,1.1829417943954468,10.150067329406738,9.520581742185666
59,MANGA,0.04911255091428757,0.6419271230697632,1.7764812707901,5.5102338790893555,5.296189415926811
60,MANGA,0.047566138207912445,0.9400166273117065,1.6432520151138306,3.099254846572876,2.8903638242784306
61,MANGA,0.04762199893593788,0.9033764600753784,6.0,10.669190406799316,9.961107730599327
62,MANGA,0.046202003955841064,0.6156584024429321,1.234231948852539,3.37672758102417,3.0637781641897166
63,MANGA,0.027062280103564262,0.45833373069763184,1.5957611799240112,5.3884196281433105,2.929941385770508
64,MANGA,0.027182266116142273,0.4206426441669464,1.423682689666748,4.883622646331787,2.666847824097734
65,MANGA,0.026378847658634186,0.43420955538749695,2.6905839443206787,7.010922908782959,3.718957075996507
66,MANGA,0.027651656419038773,0.7213563919067383,2.734229564666748,7.35941743850708,4.085921102824551
67,MANGA,0.026000414043664932,0.6714028120040894,1.779006004333496,9.126755714416504,4.774024066604142
68,MANGA,0.03692121431231499,0.6219486594200134,2.8870997428894043,5.841792106628418,4.28275404087037
69,MANGA,0.03761691972613335,0.9635915160179138,3.9315743446350098,5.3269944190979,3.9756271818971274
70,MANGA,0.0372597761452198,0.7577478289604187,2.357976198196411,10.22403335571289,7.561151102938132
71,MANGA,0.03766569495201111,0.8180590867996216,6.0,6.931700229644775,5.179652713306001
72,MANGA,0.03884199261665344,0.8215281963348389,4.850310802459717,6.609387397766113,5.085899979425962
73,MANGA,0.03647712990641594,0.5544285178184509,5.385532379150391,6.705754280090332,4.859591907998233
74,MANGA,0.036675747483968735,0.8639664053916931,2.866917848587036,6.251216888427734,4.553779215914245
75,MANGA,0.03645943105220795,0.9443646669387817,6.0,8.919903755187988,6.461163726978687
76,MANGA,0.037069980055093765,0.7766340970993042,3.2594361305236816,6.615885257720947,4.868937434078787
77,MANGA,0.04025127738714218,0.9315037131309509,1.2196375131607056,6.352264881134033,5.056889217736459
78,MANGA,0.03195388242602348,0.6689631938934326,6.0,2.7716033458709717,1.769038573330209
79,SAMI,0.02947,0.6672533,7.3278,11.956065,7.059030883129423
80,SAMI,0.03161,0.71048608,1.814,2.260529,1.427894773790832
81,SAMI,0.03105,0.49098134000000004,0.6937,3.0825427,1.9139208199596318
82,MANGA,0.03003023751080036,0.6327282786369324,1.493304967880249,9.358865737915039,5.626866289175016
83,SAMI,0.03,0.19187765999999995,0.9948,9.689639,5.820083612969854
84,MANGA,0.0293484665453434,0.30575138330459595,0.8732003569602966,7.854719638824463,4.619087129929707
85,SAMI,0.02884,0.41325500000000004,1.0168,13.403785,7.750468492485474
86,MANGA,0.02918241173028946,0.7794457077980042,1.2516793012619019,4.9821882247924805,2.913855160842742
87,MANGA,0.028775149956345558,0.8495801687240601,5.823894023895264,3.5351145267486572,2.0396711786746855
88,SAMI,0.03012,0.60456428,1.2582,10.886162,6.5639850922924605
89,SAMI,0.02955,0.5520166799999999,2.1612,3.4189477,2.0238806971444827
90,SAMI,0.02994,0.88849637,2.0742,3.8651097,2.317102617091041
91,SAMI,0.02926,0.70233753,5.0848,3.8520856,2.2586890000670476
92,SAMI,0.05041,0.889252044,4.3006,3.0255828,2.9802946628336695
93,SAMI,0.04884,0.2878524,2.0987,7.421616,7.096029542980419
94,SAMI,0.05031,0.83474377,5.0438,4.488488,4.413054382068105
95,SAMI,0.05209,0.34878679999999995,0.8386,5.771463,5.862869661680926
96,SAMI,0.05372,0.974315742,0.9641,5.8530335,6.119981106250124
97,SAMI,0.05285,0.84860231,3.9905,1.7722511,1.8249454686095972
98,SAMI,0.05196,0.6380086,1.5993,5.308095,5.37953305210946
99,SAMI,0.05038,0.7120451,4.4881,2.4764814,2.438047299209163
100,SAMI,0.05178,0.96865417,3.0143,2.6617641,2.688814495030534
101,SAMI,0.05267,0.73089203,1.1317,3.082505,3.164019712514812
102,MANGA,0.05140920355916023,0.7945197224617004,6.0,3.47214937210083,3.4838468027324345
103,MANGA,0.05008009448647499,0.8946373462677002,6.0,5.596362113952637,5.478656736422788
104,MANGA,0.05375507473945618,0.5618315935134888,5.094616889953613,9.461576461791992,9.89915312340342
105,MANGA,0.05247625708580017,0.9245946407318115,6.0,4.8247504234313965,4.935251307370835
106,MANGA,0.05435571447014809,0.7074962854385376,3.8342199325561523,2.2818877696990967,2.412383774966976
107,MANGA,0.05410119891166687,0.7231498956680298,2.0852456092834473,4.426668167114258,4.659307048875781
108,MANGA,0.051546838134527206,0.7359343767166138,1.1080882549285889,6.910888671875,6.9516031157120475
110,MANGA,0.052444685250520706,0.5618510842323303,1.3061431646347046,5.582071781158447,5.706695280702397
111,MANGA,0.05158594995737076,0.5041584968566895,0.812459409236908,3.7389988899230957,3.7637061714977103
112,MANGA,0.04493951424956322,0.6534386277198792,0.9440626502037048,7.144982814788818,6.315116337916454
113,MANGA,0.045833196491003036,0.9807190299034119,5.953460693359375,5.4786505699157715,4.933378515116529
114,MANGA,0.04197686165571213,0.44551417231559753,3.6286041736602783,7.513328552246094,6.224789711202323
115,MANGA,0.044709425419569016,0.6889587640762329,2.74694561958313,3.0651814937591553,2.696036930217199
116,MANGA,0.04330432787537575,0.8647627830505371,1.351762294769287,3.099797248840332,2.645213764940229
117,MANGA,0.04464796185493469,0.831425666809082,0.8936381340026855,4.565634727478027,4.010560593494442
118,MANGA,0.04268033802509308,0.41698309779167175,2.3496932983398438,4.225499153137207,3.556513915750896
119,MANGA,0.045145947486162186,0.7790781259536743,5.352656364440918,2.9914445877075195,2.6554919711985794
120,MANGA,0.047455981373786926,0.8328429460525513,0.8358966112136841,6.4422407150268555,5.994900718237211
121,MANGA,0.04307549074292183,0.559190034866333,1.159814715385437,8.73669719696045,7.418087332910473
122,MANGA,0.04350769892334938,0.4780101180076599,2.7561542987823486,2.9701051712036133,2.545827995550167
123,MANGA,0.0450558215379715,0.8508201241493225,6.0,8.032781600952148,7.117191318474838
124,MANGA,0.04398034140467644,0.8605237007141113,1.5320171117782593,7.6596221923828125,6.633044842488943
125,MANGA,0.04093087092041969,0.6324191689491272,2.115494966506958,2.1652817726135254,1.7514140469471668
126,MANGA,0.04331250488758087,0.5873124003410339,0.7128896117210388,4.831047534942627,4.123315533430501
127,MANGA,0.042284004390239716,0.40030089020729065,1.2135298252105713,8.724912643432617,7.2788156805579485
128,MANGA,0.044898390769958496,0.8568872809410095,4.942861080169678,3.226132869720459,2.8489579767202953
129,MANGA,0.04431607574224472,0.912685751914978,6.0,2.070018768310547,1.8055486767377034
130,MANGA,0.044865887612104416,0.6514021754264832,6.0,2.7027485370635986,2.3851280432504782
131,MANGA,0.043588243424892426,0.2961623966693878,0.66170734167099,7.547242641448975,6.4804801980374425
132,SAMI,0.04292,0.78795949,4.1552,1.9802542,1.6756196062834499
133,SAMI,0.04331,0.17920106999999996,0.6054,8.482794,7.239696443528666
134,SAMI,0.04138,0.44803214,1.4241,3.243925,2.65126010248126
135,SAMI,0.04143,0.61289984,0.9142,1.4058987,1.1503609808804027
136,SAMI,0.04028,0.3049003,0.8535,4.687745,3.73433903478363
137,SAMI,0.04191,0.78306876,4.5191,1.3249365,1.0960481644605988
138,MANGA,0.03823128715157509,0.40995797514915466,1.7149966955184937,4.486966609954834,3.400896275050035
139,MANGA,0.03992898389697075,0.3050578236579895,1.2613164186477661,6.022575378417969,4.757869722838732
140,MANGA,0.03840244188904762,0.46474143862724304,1.440016746520996,7.656317234039307,5.827894327422534
141,MANGA,0.0357859767973423,0.6430796384811401,3.16605806350708,2.1261866092681885,1.5128802350828296
142,MANGA,0.03894544765353203,0.7118492722511292,3.1328046321868896,1.5903044939041138,1.2268415746364087
143,MANGA,0.036893777549266815,0.8727335333824158,2.2080321311950684,2.121659278869629,1.5543329770860541
144,MANGA,0.04074019938707352,0.6072165966033936,1.5219768285751343,9.6224946975708,7.748772797513274
145,MANGA,0.039566557854413986,0.6395922303199768,5.364945888519287,5.78526496887207,4.53086643687862
146,MANGA,0.03640705719590187,0.9299493432044983,2.326162576675415,9.190678596496582,6.648153345569339
147,MANGA,0.03554045408964157,0.6308535933494568,1.48280930519104,5.348177433013916,3.780476725235394
148,MANGA,0.02824489399790764,0.8138335347175598,4.5765252113342285,2.789337396621704,1.5807265247797575
149,MANGA,0.02855878509581089,0.9429149031639099,6.0,2.0658762454986572,1.1833030519765966
150,MANGA,0.02642100490629673,0.664268434047699,2.046100378036499,6.020929336547852,3.198755083686146
151,MANGA,0.028796201571822166,0.5776615142822266,2.4490578174591064,7.28004789352417,4.203369174280777
152,MANGA,0.031550366431474686,0.5494130253791809,1.6440356969833374,3.2144367694854736,2.0267583494667916
153,MANGA,0.024970214813947678,0.817067563533783,6.0,2.2554121017456055,1.1344221774046248
154,MANGA,0.02731059119105339,0.1727980375289917,0.6430502533912659,10.200040817260742,5.595468756285282
155,MANGA,0.028279462829232216,0.6555070281028748,4.99186372756958,3.812274932861328,2.1629828290237985
156,MANGA,0.02753068134188652,0.5683398842811584,0.8061431050300598,8.31309700012207,4.595876537901881
157,MANGA,0.04339880868792534,0.555571436882019,1.7992210388183594,3.519982099533081,3.0099940204795312
158,MANGA,0.04016762971878052,0.5804240703582764,1.1333118677139282,7.151573657989502,5.681935504622807
159,MANGA,0.04013912379741669,0.41831910610198975,0.6861083507537842,6.641765117645264,5.2733262170418955
160,MANGA,0.04023349657654762,0.3773553669452667,1.1700893640518188,5.501466751098633,4.377746890133795
161,MANGA,0.0408579483628273,0.9268551468849182,0.6142985820770264,3.924255609512329,3.1688012614495102
162,MANGA,0.0457548052072525,0.8059588074684143,2.5452451705932617,5.357532501220703,4.816512042664533
163,MANGA,0.04198777675628662,0.590886652469635,0.9765108227729797,3.128347873687744,2.5924752190168956
164,MANGA,0.04379570111632347,0.5105239748954773,1.182235836982727,3.303152322769165,2.8490654979560963
165,MANGA,0.0419994592666626,0.581763505935669,1.7939716577529907,2.739349842071533,2.2707109320630905
166,MANGA,0.0409393310546875,0.6645327210426331,6.0,3.1937036514282227,2.5837732758466907
167,MANGA,0.05034441128373146,0.7846904993057251,1.061476469039917,8.198241233825684,8.0656459807692
168,MANGA,0.0535743348300457,0.7763018012046814,3.0536320209503174,5.602877140045166,5.843535786783094
169,MANGA,0.05186348780989647,0.6312170028686523,6.0,2.952789783477783,2.9873120090669736
170,MANGA,0.050207074731588364,0.2986010015010834,0.761478841304779,7.123045444488525,6.989859776320437
171,MANGA,0.05127329379320145,0.7269580960273743,3.922607421875,2.714207172393799,2.716588364175226
172,MANGA,0.05255352333188057,0.8242712616920471,4.8248515129089355,3.9557108879089355,4.051895790797029
173,MANGA,0.05201871693134308,0.8485095500946045,4.143286228179932,4.497058868408203,4.562415081882248
174,MANGA,0.04949864372611046,0.5324151515960693,1.6880162954330444,4.176547527313232,4.044017378166617
175,MANGA,0.04784030467271805,0.7459113597869873,1.3826643228530884,8.05858039855957,7.55628911036016
176,MANGA,0.047419942915439606,0.9369534850120544,6.0,2.6624789237976074,2.475824537418297
177,MANGA,0.030993763357400894,0.7705128788948059,6.0,6.434465408325195,3.9881302817085804
178,MANGA,0.032185617834329605,0.3357444405555725,0.5747962594032288,5.883476257324219,3.7814453223020097
179,MANGA,0.03203028813004494,0.7483493089675903,2.114361524581909,3.2465028762817383,2.076918512348022
180,MANGA,0.029050404205918312,0.6397513747215271,1.600514531135559,5.056659698486328,2.944498954585365
181,MANGA,0.030651485547423363,0.9688848257064819,6.0,2.604586601257324,1.5971701866485857
182,MANGA,0.03031061217188835,0.48442408442497253,2.297635078430176,8.881991386413574,5.388197926994794
183,MANGA,0.030251912772655487,0.6754623651504517,3.5473434925079346,9.792084693908691,5.929213332043704
184,MANGA,0.031993452459573746,0.5595749616622925,2.799490213394165,3.7464025020599365,2.3940738186067354
185,MANGA,0.030569924041628838,0.8233726620674133,2.0155675411224365,3.564857244491577,2.180418527231582
186,MANGA,0.028333276510238647,0.7118669152259827,6.0,5.1623992919921875,2.934391212489947
187,MANGA,0.03201981633901596,0.8163203597068787,3.341743230819702,10.275602340698242,6.5716495647208
188,MANGA,0.030838046222925186,0.2151666134595871,0.9407920241355896,8.928412437438965,5.507122908287095
189,MANGA,0.03245946019887924,0.7191236615180969,2.2688791751861572,3.7253329753875732,2.4139365069589807
190,SAMI,0.05898,0.43310934,2.3361,3.6434608,4.156782384788325
191,SAMI,0.05799,0.7452291,1.3273,1.8116695,2.0345902983326916
192,SAMI,0.05727,0.86053291,3.1233,1.8680896,2.0736636610408046
193,SAMI,0.0584,0.55435207,1.2277,5.5861044,6.314762105657298
194,SAMI,0.05796,0.6577773,4.0691,2.51967,2.8283443409332323
195,MANGA,0.059716030955314636,0.90461665391922,2.801403522491455,3.363084077835083,3.881420958605363
196,MANGA,0.058949410915374756,0.6507207751274109,1.2413759231567383,5.653840065002441,6.447287726013116
197,SAMI,0.05857,0.6958257299999999,2.8955,4.7514596,5.385802141490068
198,SAMI,0.05647,0.3297154,2.3487,5.701777,6.246707072674952
199,SAMI,0.05629,0.4797517,1.1117,6.0193014,6.574953330349026
200,SAMI,0.05032,0.82327165,3.3007,1.0821085,1.0641214349497665
201,SAMI,0.0533,0.78742468,3.0662,1.3100368,1.3597508219109342
202,SAMI,0.04982,0.3205574,0.6277,3.5684965,3.476369572832346
203,SAMI,0.04773,0.79036431,3.6613,1.4090565,1.3183561565598771
204,SAMI,0.05363,0.3070203,1.0505,4.350323,4.54159657746578
205,SAMI,0.04907,0.5917523,3.828,4.5835147,4.401873647467801
206,SAMI,0.05325,0.6997093,0.8098,6.7959366,7.047632047921374
207,SAMI,0.05344,0.80717812,0.9151,3.3628483,3.4990527702445946
208,SAMI,0.05329,0.83248535,4.5813,0.9802381,1.0172578676731976
209,SAMI,0.05303,0.36179819999999996,0.9861,3.3071806,3.416384700019381
210,SAMI,0.04171,0.82025267,3.1365,2.761682,2.2742290756664354
211,SAMI,0.04174,0.99975746218,1.5497,3.3687263,2.7760226436049864
212,SAMI,0.03977,0.73596206,2.1251,4.855708,3.8214882212011125
213,SAMI,0.03986,0.80360445,5.3549,4.992345,3.9374916830960087
214,SAMI,0.04212,0.6666205199999999,5.0815,3.3752205,2.805426111188556
215,SAMI,0.04101,0.79369316,0.8773,6.90698,5.597066213437342
216,SAMI,0.04051,0.45133024,2.8356,4.264285,3.415463969946234
217,SAMI,0.03885,0.78919327,3.3886,3.6802037,2.8324603362904095
218,SAMI,0.03938,0.87397663,1.3816,7.128563,5.557814798631963
219,MANGA,0.023351775482296944,0.7203653454780579,6.0,7.489938259124756,3.529974561680032
220,MANGA,0.021518124267458916,0.9920148253440857,2.9235143661499023,9.653731346130371,4.2017837255630965
221,MANGA,0.0204064529389143,0.8694947957992554,0.8466408848762512,5.302491188049316,2.191616353449921
222,MANGA,0.021396910771727562,0.5251544713973999,1.9051579236984253,4.553553104400635,1.9710566265682516
223,MANGA,0.020075803622603416,0.3936658799648285,1.6692293882369995,7.087162971496582,2.8829419420284212
224,MANGA,0.02300071157515049,0.7150644659996033,3.9559075832366943,6.9604716300964355,3.232490076858487
225,MANGA,0.022915268316864967,0.7478992342948914,4.12046480178833,3.6204967498779297,1.6753097537573167
226,MANGA,0.021579904481768608,0.5689811706542969,1.1393840312957764,5.6264567375183105,2.4557615247756805
227,MANGA,0.020946944132447243,0.491890013217926,4.851112365722656,4.963687419891357,2.104547130863371
228,MANGA,0.023828724399209023,0.545121431350708,2.5084521770477295,3.3858368396759033,1.627385996908505
229,MANGA,0.023577863350510597,0.907872200012207,6.0,1.7488986253738403,0.8320015778960139
230,MANGA,0.025902990251779556,0.7193595170974731,0.8302006721496582,7.133518218994141,3.7178555299022533
231,MANGA,0.023883050307631493,0.7936992049217224,1.373550534248352,5.740342617034912,2.765176952112454
232,MANGA,0.021016694605350494,0.5558670163154602,1.5825560092926025,4.984825134277344,2.1203683872241172
233,MANGA,0.0207892544567585,0.7718031406402588,6.0,3.218187093734741,1.3544608650703325
234,MANGA,0.024166302755475044,0.9644122123718262,6.0,6.006249904632568,2.9265819839706992
235,MANGA,0.023437172174453735,0.5538551211357117,3.161693811416626,3.516388416290283,1.6631475204253119
236,MANGA,0.022693205624818802,0.708441972732544,6.0,4.264674186706543,1.9547896137501999
237,MANGA,0.0260016992688179,0.6730132102966309,0.8922876119613647,5.838963508605957,3.0543917220421353
238,MANGA,0.02433984912931919,0.42113903164863586,3.797144651412964,9.498815536499023,4.660619109542183
239,MANGA,0.025259070098400116,0.322836697101593,1.179850459098816,10.184432983398438,5.179999036477945
240,MANGA,0.023110538721084595,0.6462666392326355,5.908415794372559,4.583977222442627,2.1387118066526716
241,MANGA,0.021046044304966927,0.35741621255874634,1.4607139825820923,9.167242050170898,3.904727824548104
242,SAMI,0.05128,0.76665194,2.8058,2.327697,2.3300253256122874
243,SAMI,0.05279,0.78152844,3.1961,2.8783565,2.9607838146663004
244,SAMI,0.05311,0.5789735,0.9309,2.1353652,2.2089944321864614
245,MANGA,0.050482988357543945,0.5813292860984802,3.095654249191284,3.6629977226257324,3.6130804694192853
246,SAMI,0.0528,0.5257295,2.1159,2.5581067,2.631830383218962
247,SAMI,0.0538,0.6035225399999999,2.1455,3.4265568,3.5878330530378615
248,SAMI,0.05347,0.7491387,1.891,5.4270897,5.649871268614369
249,SAMI,0.05294,0.6466567999999999,3.038,3.5981514,3.7110500053178934
250,SAMI,0.05349,0.80923118,3.4692,4.525155,4.712562916866657
251,MANGA,0.05416622757911682,0.4116600453853607,0.6656412482261658,7.642369747161865,8.053056550052126
251,MANGA,0.05416622757911682,0.4116600453853607,0.6656412482261658,7.642369747161865,8.053056550052126
252,SAMI,0.03704,0.6419546300000001,2.754,4.7603736,3.5006722085509403
253,SAMI,0.03456,0.75355263,3.3052,9.608915,6.6126450378597355
254,SAMI,0.03464,0.93264131,1.2507,5.527403,3.8122780352353915
255,SAMI,0.03681,0.6333875,0.9621,4.357722,3.185547633245084
256,MANGA,0.03543177619576454,0.8903688788414001,5.54940938949585,2.28354549407959,1.609447528308078
257,MANGA,0.033942896872758865,0.6852223873138428,2.8158955574035645,6.213712692260742,4.202889264289729
258,SAMI,0.03477,0.2170535,1.8532,8.463513,5.8583236448388245
259,SAMI,0.03988,0.84320708,0.6762,4.3420305,3.4262214354857643
260,MANGA,0.04023776203393936,0.31576967239379883,0.6100991368293762,6.261768341064453,4.983253543604916
261,SAMI,0.05441,0.58747554,1.6938,3.4690073,3.6708192783877402
262,SAMI,0.05706,0.58741298,0.873,3.9286218,4.3460322543001295
263,SAMI,0.05257,0.8582364,5.9245,2.4572034,2.5176914790906797
264,SAMI,0.05484,0.22352092999999995,0.6368,5.202787,5.5461552970287675
265,SAMI,0.0545,0.46856260000000005,1.1477,6.047434,6.409151551763537
266,SAMI,0.05331,0.991118945,1.8445,4.560983,4.734898007544762
267,SAMI,0.054,0.88614786,4.2328,1.870489,1.9653428056426896
268,SAMI,0.05584,0.5983104,1.1655,7.219808,7.827389884813465
269,SAMI,0.05401,0.6966336399999999,3.6323,3.0712647,3.2275701457284063
270,SAMI,0.05468,0.81209779,3.7563,1.8960545,2.015672202563455
271,SAMI,0.04244,0.8516726,1.2749,1.1568308,0.9684742903009586
272,SAMI,0.0439,0.77838826,1.6206,2.3259165,2.0106992703219406
273,SAMI,0.044,0.36965596999999994,1.1227,3.2683637,2.8315216771227276
274,SAMI,0.04358,0.49318839999999997,0.9145,4.7191253,4.051375528945364
275,SAMI,0.04317,0.56415498,1.1267,7.5027256,6.383615205434103
276,SAMI,0.04219,1.0,2.3578,3.5103385,2.9223393831536177
277,SAMI,0.04096,0.81662504,0.8704,1.7373,1.4061871250245104
278,SAMI,0.04228,0.80957802,1.0941,3.4726663,2.896834118311606
279,SAMI,0.0431,0.4032542,0.6243,4.2442546,3.605624179690394
280,SAMI,0.0432,0.891407564,3.7801,1.325867,1.1288436538975315
281,MANGA,0.0435447096824646,0.6647374629974365,2.804161548614502,2.0258629322052,1.7378706697718227
282,SAMI,0.04349,0.2397509,1.1122,5.4031677,4.629542906873519
283,SAMI,0.04304,0.6256802,0.9558,3.5915384,3.0470918166726033
284,MANGA,0.04461200162768364,0.6096309423446655,0.7180181741714478,8.236659049987793,7.229756036389174
285,MANGA,0.04273419827222824,0.5549867749214172,1.5535600185394287,5.684135913848877,4.789948222026974
286,SAMI,0.04276,0.32417450000000003,1.1924,4.6256275,3.900190511732503
287,SAMI,0.04304,0.87756375,2.0067,7.6373496,6.479592552101845
288,SAMI,0.04343,0.6885447,3.1361,1.600696,1.369714156949295
289,SAMI,0.04278,0.79192463,4.1288,2.223523,1.875640225000341
290,SAMI,0.04278,0.23835240000000002,0.7548,6.7090654,5.659394095045566
291,MANGA,0.03704969584941864,0.9348263740539551,1.004776120185852,7.019960403442383,5.163613291673223
292,MANGA,0.03468359634280205,0.8873425126075745,6.0,6.162953853607178,4.2557483449892315
293,MANGA,0.035251740366220474,0.8010967373847961,5.959539890289307,1.7098274230957031,1.199224740660375
294,MANGA,0.03481065854430199,0.4101594090461731,0.9087939858436584,3.6830267906188965,2.5521958393513415
295,MANGA,0.03780859336256981,0.8933756947517395,1.92711341381073,2.3546016216278076,1.7658293911703071
296,MANGA,0.033732231706380844,0.8231256008148193,1.8966039419174194,3.023331880569458,2.03277026588785
297,MANGA,0.03643089160323143,0.2728399932384491,0.7701467871665955,7.784907817840576,5.634803523430458
298,MANGA,0.037581391632556915,0.6877126097679138,1.3231159448623657,6.464354991912842,4.8201067903536705
299,MANGA,0.037671808153390884,0.8510479927062988,0.6983960866928101,2.4726202487945557,1.8479303631895707
300,MANGA,0.03407233953475952,0.9219130873680115,1.5865124464035034,8.265369415283203,5.611058637959962
301,SAMI,0.05197,0.7550144,1.0757,3.7213707,3.7721353206981845
302,SAMI,0.05134,0.50175446,1.1119,2.3271236,2.3320113236881306
303,SAMI,0.05266,1.0,1.9308,4.020256,4.125834196944743
304,SAMI,0.04999,0.8382724,4.406,3.3352091,3.2595353183625653
305,SAMI,0.05011,0.49148329999999996,2.7613,6.264442,6.136130056612173
306,SAMI,0.05117,0.8350638,3.4867,2.730789,2.728012019162447
307,SAMI,0.05202,0.81914374,7.8951,2.390207,2.4250002531513597
308,SAMI,0.04991,0.6089142599999999,1.3613,7.444021,7.264166678285146
309,SAMI,0.05085,0.84953977,5.4736,3.953849,3.926614408461454
310,SAMI,0.05109,0.8334456,3.4292,3.4111671,3.402692758904493
311,SAMI,0.05435,0.9965306001,9.6435,0.82377553,0.8707997114731005
312,SAMI,0.0559,0.8366089999999999,2.7911,1.3151879,1.4272983848874983
313,SAMI,0.05379,0.51908314,1.905,3.1935,3.343225046348424
314,SAMI,0.05482,0.49097495999999996,1.291,4.236118,4.514148790762243
315,SAMI,0.05448,0.72491184,3.0321,1.1769907,1.2469622035386616
316,SAMI,0.05436,0.7465720499999999,2.1377,2.6728904,2.8259554464059247
317,SAMI,0.05454,0.5275130299999999,1.1754,2.7820501,2.9504785787017345
318,SAMI,0.05701,0.7658558799999999,3.4683,1.5378855,1.6998930643010877
319,SAMI,0.05541,0.8332936200000001,3.7183,1.0498217,1.1299780110647681
320,SAMI,0.05379,0.61844078,1.1935,1.7144121,1.794791129632942
321,SAMI,0.05048,0.74536136,3.6573,2.9054642,2.865710677647859
322,MANGA,0.0474916473031044,0.7060962319374084,4.0735554695129395,3.232482433319092,3.010156796559652
323,SAMI,0.05315,0.5556137999999999,1.7106,6.4110866,6.636827605958969
324,SAMI,0.05007,0.78700875,3.6597,3.578483,3.5025543692149865
325,MANGA,0.05032014846801758,0.8036472797393799,1.6810364723205566,5.927123546600342,5.828617660614984
326,SAMI,0.04991,0.41538679999999994,2.5819,4.423935,4.317048704443391
327,SAMI,0.05217,0.945255775,4.4241,3.813435,3.8794133474511536
328,SAMI,0.05184,0.73480013,3.8615,4.3146544,4.363243104133399
329,SAMI,0.05094,0.4961921,1.5601,2.591031,2.5774633550638715
330,SAMI,0.05084,0.92190023,3.0952,3.1986637,3.1760438083892035
331,MANGA,0.023073021322488785,0.8266588449478149,0.926124095916748,5.155799865722656,2.401706378567586
332,MANGA,0.02442031167447567,0.6000421047210693,1.065738320350647,4.7676520347595215,2.3467667725748016
333,MANGA,0.02467234991490841,0.8718187808990479,6.0,4.102779388427734,2.0397221104078507
334,MANGA,0.021976538002490997,0.4144074320793152,1.3529077768325806,8.71068000793457,3.869948096189632
335,MANGA,0.02450696937739849,0.8548540472984314,2.6779544353485107,9.81179141998291,4.846260497863672
336,MANGA,0.022485677152872086,0.891767144203186,5.403524398803711,4.322479724884033,1.963658513298808
337,MANGA,0.02463439851999283,0.943799614906311,6.0,1.9132219552993774,0.9497504206771191
338,MANGA,0.020005423575639725,0.4584163427352905,2.0247316360473633,5.282793998718262,2.1416026547203217
339,MANGA,0.023239122703671455,0.6768819689750671,2.903388500213623,7.90812349319458,3.7095872254094067
340,MANGA,0.023185094818472862,0.5985824465751648,3.9795472621917725,6.963973522186279,3.259317686836944
341,SAMI,0.05581,0.5112137800000001,0.5675,3.1389713,3.4014230477119223
342,SAMI,0.05645,0.49861330000000004,0.9332,4.719213,5.168528273437049
343,SAMI,0.05561,0.34922945000000005,1.2175,9.72845,10.506554782171499
344,SAMI,0.05434,0.59946126,2.2043,3.3541944,3.5450538288165214
345,SAMI,0.0567,0.31583107,1.3903,4.7143836,5.184576570839326
346,SAMI,0.05525,0.91523499,4.753,1.7434615,1.8715134865184688
347,SAMI,0.05672,0.90752226,3.0338,3.40134,3.7418066453643606
348,SAMI,0.05647,0.8863970800000001,5.5995,2.8024127,3.070244808529711
349,SAMI,0.05491,0.79770671,6.7745,2.3833108,2.5436348330384826
350,MANGA,0.05763332545757294,0.7763758897781372,4.972443580627441,2.242677688598633,2.504194039979845
351,MANGA,0.045222315937280655,0.7318335771560669,3.3149609565734863,1.8126240968704224,1.6116339176499301
352,MANGA,0.04700159281492233,0.6762228608131409,2.9492995738983154,3.897028923034668,3.593639069900144
353,MANGA,0.0452326163649559,0.8893047571182251,4.122392654418945,2.384451389312744,2.120511914063436
354,MANGA,0.04575561732053757,0.796139657497406,3.552631139755249,1.4313291311264038,1.2868106183307524
355,MANGA,0.04627493768930435,0.6961356401443481,6.0,1.9519399404525757,1.7736795629164497
356,MANGA,0.04479007422924042,0.962198793888092,3.588027238845825,2.271775007247925,2.0015941549783434
357,MANGA,0.04607018083333969,0.8351127505302429,5.515045166015625,2.416999101638794,2.187080993223033
358,MANGA,0.04615793377161026,0.4451158046722412,1.2312915325164795,6.695504188537598,6.069499092617975
359,MANGA,0.04621846228837967,0.8998459577560425,6.0,3.2335941791534424,2.934897902092832
360,MANGA,0.0358428880572319,0.5292889475822449,0.8955011963844299,4.096625328063965,2.9193756832441413
361,MANGA,0.03471487760543823,0.7261009216308594,6.0,8.577113151550293,5.927934873303705
362,SAMI,0.03381,0.8471835400000001,5.0686,1.7760684,1.1968006734316314
363,SAMI,0.03324,0.43367385999999997,1.9703,8.12385,5.385627197673667
364,SAMI,0.03367,0.81386316,4.8228,3.8740716,2.600162665509986
365,SAMI,0.0381,0.76972874,1.0203,4.6758327,3.532430533531926
366,SAMI,0.03388,0.51155803,1.2869,3.6212132,2.4449955318931393
367,SAMI,0.03377,0.48358345,1.2111,5.096131,3.4301207427666
368,SAMI,0.03384,0.80879755,1.1213,7.0014215,4.721912636642247
369,SAMI,0.03391,0.3774185,0.9405,6.4294677,4.344779947143328
370,MANGA,0.03775632008910179,0.8427353501319885,6.0,1.965786099433899,1.472291509399981
371,MANGA,0.037069760262966156,0.833515465259552,2.1055355072021484,8.123601913452148,5.978502314359424
372,MANGA,0.03754593804478645,0.9811037182807922,0.8195562362670898,2.5725042819976807,1.9164436635361422
373,MANGA,0.03851952403783798,0.8462851643562317,0.7561523914337158,6.931585788726807,5.291584517793513
374,MANGA,0.03861665353178978,0.5873020887374878,0.961660623550415,3.845465898513794,2.9426965633526065
375,MANGA,0.03831248730421066,0.7945796251296997,0.9949297308921814,5.854625225067139,4.446507034529442
376,MANGA,0.03963417559862137,0.7640643119812012,1.036293864250183,4.69190788269043,3.6805610045846624
377,MANGA,0.03839818388223648,0.7419922947883606,6.0,1.8377513885498047,1.398725713027512
378,MANGA,0.036669764667749405,0.6402037739753723,4.674900531768799,9.609442710876465,6.999030063294456
379,MANGA,0.03638828173279762,0.8690995573997498,5.085118770599365,6.027516841888428,4.357903402279136
380,MANGA,0.02547469548881054,0.8751118183135986,0.9366765022277832,4.991729259490967,2.559898507615516
381,MANGA,0.02535121887922287,0.4257577955722809,2.208458185195923,5.249751567840576,2.6795685989713203
382,MANGA,0.02537638321518898,0.5870459079742432,5.065706729888916,3.3326823711395264,1.7026985794992724
383,MANGA,0.049608904868364334,0.6756749153137207,4.809722423553467,6.332597732543945,6.14450768273457
384,MANGA,0.05070313438773155,0.863508403301239,6.0,8.293110847473145,8.213627583274512
385,MANGA,0.052495189011096954,0.7316779494285583,5.556801795959473,7.88769006729126,8.071071348837915
386,MANGA,0.0498216412961483,0.5103210806846619,1.3712892532348633,7.247708797454834,7.060815502516191
387,MANGA,0.05020812526345253,0.6204509139060974,2.7626640796661377,2.527496814727783,2.4802868573420893
388,MANGA,0.05099682882428169,0.5086402297019958,2.0282137393951416,4.625844955444336,4.606445935932165
389,MANGA,0.04974853992462158,0.5624369382858276,6.0,7.824633598327637,7.612337863509814
390,MANGA,0.050898779183626175,0.8434137105941772,3.24092698097229,4.195925712585449,4.170780147450059
391,MANGA,0.05154730752110481,0.3669244050979614,0.5,14.131367683410645,14.214742018826765
392,MANGA,0.04987694323062897,0.925872802734375,2.161313533782959,5.651246547698975,5.511270547499393
393,MANGA,0.020013706758618355,0.6995804905891418,1.0901440382003784,3.748211145401001,1.520108903840565
394,MANGA,0.022289598360657692,0.6193073391914368,4.6112518310546875,4.654810428619385,2.096688914023411
395,MANGA,0.02326914109289646,0.8206798434257507,5.460212230682373,4.078967094421387,1.9157871352768563
396,MANGA,0.022330576553940773,0.6965885162353516,3.5294241905212402,2.9884328842163086,1.3485024199767597
397,MANGA,0.03921673074364662,0.6719897985458374,0.8068850040435791,4.471184730529785,3.472201698517147
398,MANGA,0.0405324250459671,0.9044551253318787,1.3852399587631226,6.590638637542725,5.281529662476615
399,MANGA,0.04136906564235687,0.7657304406166077,0.6119351983070374,6.153880596160889,5.02830345686743
400,MANGA,0.03720741346478462,0.5920359492301941,1.4571492671966553,4.144205093383789,3.060717883966257
401,MANGA,0.03779984265565872,0.7317419052124023,2.398005247116089,2.141566276550293,1.6057089617878368
402,MANGA,0.039804235100746155,0.6452344655990601,5.1897735595703125,4.401472091674805,3.4668406328460804
403,MANGA,0.0392792634665966,0.3058507442474365,1.2591477632522583,5.39727258682251,4.197746793191909
404,SAMI,0.04362,0.95483279,1.3214,5.1842575,4.4545652954885275
405,SAMI,0.04366,0.81518641,2.0258,2.3334496,2.006756127499388
406,SAMI,0.04133,0.6110296,2.2307,3.0942497,2.5260251750600524
407,MANGA,0.020425032824277878,0.5710597038269043,6.0,5.510219573974609,2.279496743360234
408,MANGA,0.02049347199499607,0.6570805311203003,0.842405378818512,6.672399520874023,2.7692935230279434
409,MANGA,0.021005315706133842,0.6999965310096741,3.1636781692504883,3.2627556324005127,1.3871285405564693
410,MANGA,0.017682785168290138,0.8534669280052185,4.405045509338379,3.131399154663086,1.1252171737775214
411,SAMI,0.02025,0.3764752,1.3837,6.6464915,2.726569787749279
412,SAMI,0.0173,0.59287223,2.3559,3.4702106,1.220535452505466
413,SAMI,0.0199,0.998376974,2.8254,2.943037,1.1869477236132253
414,SAMI,0.01824,0.8647307200000001,1.637,3.0348332,1.1241236985885512
415,SAMI,0.02091,0.4854223,4.8343,9.3155365,3.9428915897247045
416,SAMI,0.0187,0.640205,3.727,9.894299,3.755255062655698
417,SAMI,0.01641,0.939837612,2.3605,4.9309964,1.6468716889163466
418,SAMI,0.0194,0.58572465,2.6694,6.5237985,2.5665368475044916
419,SAMI,0.02011,0.51088232,3.3429,4.3707476,1.780903521286225
420,SAMI,0.01728,0.44109743999999995,2.4693,8.442285,2.965942488171338
421,SAMI,0.01809,0.7106154,5.2779,4.0326467,1.4817058553285907
422,MANGA,0.02263881079852581,0.5780861377716064,0.7013720273971558,5.532141208648682,2.5298436217723297
423,MANGA,0.024240875616669655,0.8681533932685852,5.531219959259033,1.9986573457717896,0.9767753922638408
424,MANGA,0.024379117414355278,0.4431389272212982,1.1083000898361206,3.8186049461364746,1.8765426505717016
425,MANGA,0.02336188778281212,0.5771673321723938,4.573526859283447,9.015524864196777,4.250764901815333
426,MANGA,0.023857025429606438,0.35263678431510925,0.9481942057609558,10.601205825805664,5.101295738535474
427,MANGA,0.023097194731235504,0.5368818044662476,2.890570878982544,5.78451681137085,2.697323635066043
428,MANGA,0.037154603749513626,0.42931848764419556,1.1066757440567017,3.2542240619659424,2.4001592716180746
429,MANGA,0.03902926295995712,0.3161531686782837,1.680652141571045,5.105556011199951,3.9467667943069484
430,MANGA,0.03617732971906662,0.8777849674224854,5.018799304962158,5.2503767013549805,3.7749750735139758
431,SAMI,0.02755,0.92753824,1.2855,8.838657,4.889746486698318
432,MANGA,0.027975186705589294,0.8300296664237976,3.7407968044281006,3.0951719284057617,1.737857946992176
433,SAMI,0.03022,0.86684999,3.9662,1.8464483,1.1169077887662027
434,SAMI,0.02634,0.34670365000000003,1.0887,8.494784,4.499648236154765
435,SAMI,0.02645,0.5848305,0.7704,8.047844,4.280142253950009
436,SAMI,0.02714,0.38299406,0.8659,5.13412,2.7994222304584846
437,MANGA,0.027400409802794456,0.8380447626113892,4.551032066345215,2.604778289794922,1.4334560621273964
438,MANGA,0.027103498578071594,0.8131928443908691,6.0,2.894351005554199,1.5761159476944069
439,MANGA,0.02631540596485138,0.9736348986625671,2.3867383003234863,5.213855743408203,2.759258499067717
440,SAMI,0.02795,0.3428329,1.5276,11.373986,6.380638653113551
441,SAMI,0.02712,0.71118388,2.6598,3.6220284,1.9735336228348763
442,MANGA,0.027351396158337593,0.7167242765426636,0.9064214825630188,5.043888568878174,2.7709401156660762
443,MANGA,0.02766503393650055,0.753700852394104,3.610980272293091,4.7656426429748535,2.6471044825094063
444,MANGA,0.027615206316113472,0.8652763366699219,1.6496436595916748,4.843437194824219,2.6856312458858764
445,MANGA,0.043321240693330765,0.41540563106536865,2.6148743629455566,5.980733871459961,5.105553233759587
446,MANGA,0.044852565973997116,0.8352301120758057,2.3030030727386475,2.3660898208618164,2.087445714980488
447,MANGA,0.043763794004917145,0.4378229081630707,2.0946574211120605,6.060495376586914,5.223744397658072
448,MANGA,0.043528392910957336,0.9676048159599304,6.0,2.5128538608551025,2.154866107491772
449,MANGA,0.04467571899294853,0.7487884163856506,3.136979341506958,2.537806987762451,2.2305814796578227
450,MANGA,0.044506244361400604,0.7364318370819092,0.824587345123291,5.7109808921813965,5.001578567800633
451,MANGA,0.04497445747256279,0.7873870134353638,0.8373084664344788,3.466827869415283,3.066422346341077
452,MANGA,0.04480672627687454,0.5210885405540466,1.0653141736984253,4.477039813995361,3.945976551196801
